timestamp,head_x,head_y,head_z,left_shoulder_x,left_shoulder_y,left_shoulder_z,right_shoulder_x,right_shoulder_y,right_shoulder_z,left_elbow_x,left_elbow_y,left_elbow_z,right_elbow_x,right_elbow_y,right_elbow_z,left_wrist_x,left_wrist_y,left_wrist_z,right_wrist_x,right_wrist_y,right_wrist_z,left_hip_x,left_hip_y,left_hip_z,right_hip_x,right_hip_y,right_hip_z,left_knee_x,left_knee_y,left_knee_z,right_knee_x,right_knee_y,right_knee_z,left_ankle_x,left_ankle_y,left_ankle_z,right_ankle_x,right_ankle_y,right_ankle_z
0.07583737373352051,-0.09193609114570034,-1.5936000797833305,-0.8485805806877649,0.1703056200900157,-1.1883243551418725,-0.3349850844956694,-0.22971472701737217,-1.1337847474312246,-0.15052635803488146,0.32389015135897115,-0.915474654162852,-0.476668231586195,-0.3602626200324165,-0.907922122472961,-0.5247149472306374,0.3587530926436797,-0.9295841307343611,-0.560019456203522,-0.33099462366770527,-0.878257617556033,-1.164656524857565,0.1404634793113273,-0.0014808388774181225,-0.15638465156345288,-0.1404634793113273,0.0014808388774176784,0.15638465156345288,0.11580689449076986,0.5902526924178892,-0.3884816279383846,-0.2269278834591446,0.5311242896772557,-0.17068218550047942,0.14011651185274854,1.4046655282203426,0.15366838480927858,-0.12684322143938614,1.3546150465165958,0.19149260955049574
0.14092326164245605,-0.14007272504203566,-1.6537236274753133,-0.8825754271889702,0.15782788811359716,-1.2864226671284653,-0.3467882125225567,-0.26083635910872194,-1.1462889338769697,-0.0703419898586164,0.28673116635375373,-0.9906157735685222,-0.6046286137499718,-0.33843641979717687,-0.8439744844414547,-0.4639100553540469,0.23125269117238578,-0.9928750455737736,-0.7498011262638337,-0.295277101900859,-0.8614795864434948,-1.17940010627138,0.15049463230413607,-0.005426033823672238,-0.17843034156238524,-0.15049463230413607,0.005426033823672238,0.17843034156238524,0.15368516524221554,0.756103012926018,-0.5619375570763091,-0.20710428040544743,0.7145559532824013,-0.10608373775466946,0.19540254436779314,1.6500425571133328,0.011130936367902411,-0.08312952218590763,1.6243987377228493,0.12480908478098703
0.2085270881652832,-0.17202595743510352,-1.6298750877966133,-0.8895862896023183,0.17697333263649107,-1.2595579851558294,-0.40332571858751387,-0.2831911787371778,-1.1563474665180118,-0.04974540266937773,0.3572352936708655,-0.8592207623998207,-0.5960887337366068,-0.3310368875790576,-0.6797694259634715,-0.3160480190097523,0.3076098406405545,-0.5406572127485523,-0.7144058037369634,-0.29748946949111754,-0.43165691140540074,-1.0620757838091348,0.15566514618413607,-0.0006080088969002695,-0.19415970459809098,-0.15566514618413613,0.0006080088969007136,0.19415970459809098,0.17253869088326312,0.9371725932624484,-0.376972717608966,-0.19770514957634833,0.8959602730823697,0.18876235407835376,0.20356784328956712,1.852429160830563,0.27070242461506255,-0.09021609901642247,1.8210149405694862,0.5984790974648697
0.272585391998291,-0.18956372786749698,-1.6188119805093466,-0.866780598909775,0.19477330929952286,-1.2255414457675016,-0.41994478581185185,-0.29512075662537196,-1.1268363289076198,-0.12920305110433405,0.40041616105412337,-0.7065872507683388,-0.49452424504913184,-0.3316777525396721,-0.6497294542690555,-0.29538664534804154,0.36118727004890827,-0.25334088421441114,-0.6151729221570168,-0.3168040087789986,-0.1977672395835226,-0.9994862278302945,0.15816251411921567,-0.005367438711958439,-0.15663459724279322,-0.15816251411921567,0.005367438711958439,0.15663459724279322,0.18150679493679378,0.9783868080721914,-0.15323807512081716,-0.19478807744395032,0.9586948163252331,0.2429051110039001,0.20645113116558123,1.8623906649578355,0.5587685954449324,-0.09889160644712225,1.857953286103283,0.7373788616574566
0.3403022289276123,-0.17105719705100575,-1.5995057346914554,-0.7973590453271546,0.2168185861385562,-1.2059015405796447,-0.42758109282586987,-0.2868425412175011,-1.1207409021074815,-0.1546074329909432,0.4033951681589082,-0.7136600954291006,-0.4819818395716242,-0.32168381325608797,-0.6344688509901539,-0.272099955142009,0.39235069980766457,-0.12741028633346962,-0.6083983777136673,-0.33303082668664824,-0.10856520405331871,-0.954915304978706,0.16297592908099012,-0.00880672165482732,-0.14311938514746061,-0.16297592908099012,0.00880672165482732,0.14311938514746061,0.17859129796319717,0.963293524040644,-0.05135381232443274,-0.16865232347254466,0.9620369913952054,0.31216763293305416,0.1995930545570681,1.8177219977946577,0.7169936637829839,-0.10133551578403377,1.835581102344145,0.9031291350331608
0.5255041122436523,-0.1424068133420774,-1.546614836553508,-0.7533707729400984,0.2304460853925029,-1.1639158635386817,-0.40945287664188557,-0.26466650121199886,-1.0943315433190364,-0.1274168435870309,0.39853997217555814,-0.7640692966364537,-0.46823552755881515,-0.3179964886594069,-0.6604757656653795,-0.23202990596909034,0.4203578010421837,-0.07530151353927783,-0.6400932795572706,-0.3487823185677638,-0.03545480676857471,-0.9332486477991015,0.16177867627125864,-0.006181473051426689,-0.1316222115077052,-0.16177867627125864,0.006181473051426689,0.1316222115077052,0.16955050007459926,0.9443903690393225,-0.07109703649378944,-0.15504462921144369,0.9423159099728466,0.27449724137011916,0.18820371421345994,1.7826964398611187,0.6371968278090596,-0.10923461822939262,1.7970833334814507,0.8091818581365229
0.5748121738433838,-0.1125831035926751,-1.5060161455074046,-0.7858834869731185,0.23908017876111187,-1.1174307190994022,-0.4093979524849002,-0.2417045905303471,-1.0761264724225241,-0.18390295507068233,0.4074449884372551,-0.7293254763755288,-0.4663865906829403,-0.3365129298563104,-0.702144541343056,-0.3683956550277022,0.46133680046486236,-0.023304504341492338,-0.6761351717717817,-0.4037738959930464,-0.17845706823813057,-1.1881645915408956,0.1584848772525067,0.00021977642579162904,-0.11208208332329883,-0.15848487725250682,-0.00021977642579162904,0.11208208332329883,0.15443818837784695,0.9346343805716617,0.006515098495097443,-0.15117369255829577,0.9170554533446076,0.2649153331785351,0.15545641458896364,1.762244301652455,0.7189516537408208,-0.13309663020877982,1.7629218877749047,0.8327493780490828
0.6409022808074951,-0.10558887533961986,-1.478615282122258,-0.7091727915234851,0.22825928748592816,-1.1047007570115566,-0.30682839760296127,-0.23662259575174305,-1.0502266233241733,-0.10450386271498521,0.40206802378009154,-0.7370751631606851,-0.39638121894338796,-0.371759253406338,-0.617375269730887,-0.48848462648060914,0.48792445123548256,-0.046685617044214034,-0.633220817375476,-0.4594749240454883,-0.5322525329722847,-1.4706534682710977,0.1571577821588228,-0.005652588926143398,-0.0961569788252111,-0.15715778215882292,0.005652588926143176,0.0961569788252111,0.15710236954841195,0.9182109328240626,-0.03629111657229603,-0.14505232139988233,0.9159288030800914,0.17781367937203052,0.15792261293279153,1.7424351762197592,0.6258820876685849,-0.13092711064540924,1.7529202056485973,0.6078442499493389
0.7080950736999512,-0.09524919673847854,-1.5011690132395286,-0.7110047857096786,0.22160918403047358,-1.1247946790634729,-0.29358569059416684,-0.24033028839606463,-1.0785184599986148,-0.015416469487038932,0.40113414720658624,-0.7404833488603131,-0.3971604559673431,-0.4090818594550339,-0.6433520973523463,-0.5019142425929188,0.5259088971628944,-0.13461530640707187,-0.6203703520609121,-0.4651566680620849,-0.8864993622833048,-1.48579505588611,0.1562159313526038,-0.0145394374221115,-0.14147517898459416,-0.1562159313526038,0.014539437422111279,0.14147517898459416,0.15298520059646437,0.9095996058833786,-0.1799402526405952,-0.14265165036743277,0.9103771893953363,0.26944727764318704,0.157795734130331,1.736942072330402,0.40501112134091344,-0.13206074036488363,1.7292013268692714,0.7031535914721023
0.7734432220458984,-0.08715596729535935,-1.4734943279654127,-0.7251248417350051,0.21241505797059546,-1.1300580927443162,-0.2874581198837162,-0.2349352427664535,-1.0821461239667922,0.009465778966749643,0.4018726314940618,-0.7330482265527922,-0.3445123226981784,-0.44602562857291095,-0.6842141175587975,-0.5170150646318864,0.5652618953948896,-0.19492706233257362,-0.5175067549114696,-0.4484560136537051,-1.0981557735178293,-1.4447215189774831,0.15118136520251768,-0.015578407815676876,-0.163673386251049,-0.15118136520251768,0.015578407815676654,0.163673386251049,0.1514107437183907,0.9149603739123418,-0.24820333983053772,-0.13453584732939955,0.9209083377828233,0.31976534253672884,0.16085218764264908,1.7442432123893448,0.288934840324848,-0.13959618070653845,1.7325571219533051,0.7725619390083127
0.8399350643157959,-0.06831135723598436,-1.4536010769617693,-0.7627191402734279,0.20736044190466885,-1.1242015532140595,-0.2756090290723563,-0.22345276627314636,-1.0860459390962993,-0.046471812287964445,0.3965398655668324,-0.7346943720649034,-0.26900906777546507,-0.46659698038347963,-0.7609769711621602,-0.6287130290766507,0.5864552120115629,-0.2286117655992279,-0.3849824469353864,-0.4091451235429564,-1.2468692210663723,-1.4605525564249358,0.14068414972251708,-0.0014723375525402815,-0.15582841198647687,-0.14068414972251708,0.0014723375525402815,0.15582841198647687,0.14530486469469261,0.9204046922819167,-0.27232705013175806,-0.13690906692477134,0.9201041006847235,0.30710559865361897,0.14928282251723413,1.7468562157342413,0.27938139828575814,-0.1453743464109571,1.7313406483494984,0.7615000656037637
1.0532159805297852,-0.06089070786479156,-1.4237500130181366,-0.7880917865324402,0.19626174983239375,-1.1059107729389135,-0.24685761391633038,-0.2174256342783472,-1.0797831846747745,-0.08814455140034279,0.3833503717714718,-0.7236381214646638,-0.20315767642325444,-0.4928039568624829,-0.8377352479985556,-0.7281482423146546,0.6017596904335925,-0.2834857576274781,-0.29838933005198276,-0.3711241987473216,-1.3195589720149585,-1.5373288460014662,0.13384360951592944,0.011398000117686324,-0.14497994755111004,-0.13384360951592933,-0.011398000117686324,0.14497994755111004,0.13453114273151479,0.9203228909928141,-0.2802813602734407,-0.13346598716152525,0.9254457650106753,0.3006501174192685,0.13567715068963304,1.7485957515791888,0.20513636178784833,-0.1475707068585264,1.7348628885016344,0.7416561370408181
1.109971284866333,-0.04739856858826896,-1.3961187183477426,-0.8645065487737807,0.19594743894281463,-1.0867105582791117,-0.22881255173489765,-0.20092354608118146,-1.0768639855970523,-0.11940789945284494,0.38192136265969967,-0.7461963193332412,-0.1387806423166048,-0.5095332143887653,-0.9540416885968528,-0.8162081829627347,0.6406912638306025,-0.3391783663902248,-0.228641399559436,-0.32070130336787095,-1.3669486379202107,-1.6845435556744894,0.13168610685034754,0.0038928678022014385,-0.13159746726116286,-0.13168610685034754,-0.0038928678022014385,0.13159746726116286,0.12310103274186734,0.8947896225912781,-0.27426276319220866,-0.13314331043391553,0.8847061752288183,0.25683213079854084,0.12343873651944448,1.7161364941817856,0.21270410540506549,-0.15562628803821044,1.6935118296331362,0.6577803154911853
1.1748311519622803,-0.03730450328102597,-1.3273018431511696,-0.9342671001480164,0.2036339702079395,-1.0212920252258597,-0.21617600867670902,-0.18480594711518128,-1.0245970771070154,-0.1707478164726892,0.38004525771990094,-0.6851963479008379,-0.11217881739769983,-0.4990988653176933,-0.9274880166672262,-0.7970614132054644,0.6196030133390189,-0.3143419793952926,-0.252962717937254,-0.2971680829068255,-1.3182329966853419,-1.641288407920812,0.13277974149769212,0.0036822792047734865,-0.10412294288381238,-0.13277974149769212,-0.0036822792047734865,0.10412294288381238,0.12019827046712361,0.8934294288819395,-0.2854660062511571,-0.13169571943533076,0.8843087219798025,0.08730339355224065,0.11888495911011243,1.7180184876530302,0.17659401823204876,-0.1519619667457407,1.6995861831739023,0.35924361487731366
1.241347074508667,-0.04300250910087766,-1.3226076834141087,-0.8504766427785612,0.20559553749838289,-1.017760989815991,-0.21506622130482245,-0.17675837976541448,-1.0210172051332727,-0.10501880716659222,0.37573076793056615,-0.6815224321161153,-0.14434751346959512,-0.4774690769622289,-0.8858118961581626,-0.6992930865493615,0.6017087421188259,-0.289687318472442,-0.23590723133159602,-0.3011693266685895,-1.2913367622784917,-1.5128479252870934,0.13186099895312664,0.0024325345418640953,-0.11420407318037469,-0.13186099895312653,-0.0024325345418643174,0.11420407318037469,0.11475618115552322,0.8803633692052109,-0.29846517452676324,-0.1358458466825947,0.8678916916689654,0.19921769463798877,0.11210082502702545,1.6930280866467524,0.1300699030026679,-0.15391625141806853,1.6633486272269278,0.5254340485851169
1.306502342224121,-0.06476391872709719,-1.3300412902330903,-0.7534782252037706,0.19665665605655835,-1.0212089529637498,-0.22397108552777312,-0.18888335864864314,-1.0168486163672736,-0.03341040147891677,0.35821062329809616,-0.6792905104746197,-0.17021370321613088,-0.4709176442030891,-0.8441536311439289,-0.58928052569259,0.5711897083667716,-0.2114244035356747,-0.23235538485079177,-0.32114290228112896,-1.2501607844707228,-1.3829082588599544,0.13079101351290656,0.006996718822391612,-0.12299144038741476,-0.13079101351290645,-0.00699671882239139,0.12299144038741476,0.11569385501340257,0.881697199431505,-0.26494141701491364,-0.13289242655031142,0.8749063700612938,0.26019075021656946,0.11715881837026143,1.6796458340582676,0.19477609056889555,-0.13982919325712295,1.65944346671795,0.6574624783245803
1.3729212284088135,-0.07600640662886993,-1.3436412338056385,-0.6821779503951144,0.19528164139982662,-1.031254248261611,-0.20324796210894402,-0.1993278481210174,-1.020833668138859,0.0010493478087543057,0.3506344556943606,-0.6870756893392316,-0.14505894339124975,-0.44045534813419285,-0.7854889346810824,-0.5414138266834767,0.5387021807252486,-0.162730047363977,-0.2161878253318038,-0.334732141219077,-1.21157091297614,-1.3626565859813062,0.1320110937253225,0.007484256338465833,-0.12542518881632758,-0.1320110937253225,-0.007484256338465833,0.12542518881632758,0.11816231716710413,0.8848140564312321,-0.25159447206509783,-0.1345290051698378,0.8829856431554379,0.29923485619033413,0.12764737134224524,1.6803691377996377,0.2172887365367394,-0.12655281015349618,1.666636812231919,0.7470780941425992
1.5949552059173584,-0.0831495797967049,-1.3506788064495014,-0.6238628703168897,0.19271001883982253,-1.0379163807392757,-0.19926583974031375,-0.20176208288053288,-1.0265556800469864,0.05756201618544096,0.34662947059218197,-0.697024136743383,-0.1557446503879254,-0.41224126253134136,-0.7547717576683619,-0.48506758131158956,0.5240204714703209,-0.14815420280255487,-0.2340963862457739,-0.34025962198674586,-1.2022597350196338,-1.3602351278503169,0.13165839633526755,0.0034806844041301854,-0.13558117710619716,-0.13165839633526755,-0.0034806844041301854,0.13558117710619716,0.11924016399796034,0.8792182694574109,-0.25332461124043737,-0.13805394001005855,0.881326898577635,0.3579213814028304,0.12670334031202923,1.6686318989896365,0.21748684208974767,-0.12527120307331563,1.6603589127627933,0.859845079286068
1.6413371562957764,-0.08732969666859047,-1.360082968054425,-0.7298979149386036,0.19027483728980477,-1.0531739547157541,-0.22190841668235367,-0.2031249474310065,-1.0402577848476213,0.02666566325428818,0.365266513826625,-0.7437713742102925,-0.16451421267754335,-0.40571406377794794,-0.7709540321612777,-0.6239897107782864,0.5767080816812374,-0.26660305408778795,-0.23877919195568031,-0.3290190142190453,-1.250272429288081,-1.5318637219246,0.13296347507310846,0.0038418458479863027,-0.1403563918195945,-0.13296347507310846,-0.0038418458479863027,0.1403563918195945,0.11968533962414751,0.8749519900759029,-0.22739103516094317,-0.1414108579444836,0.8780490695010919,0.40277039442810225,0.1262819006046395,1.6567616294345697,0.26924065147394155,-0.12794740277626226,1.6455989269482267,0.9496808960251686
1.7078001499176025,-0.08782611332472379,-1.3698490973227069,-0.7853766957372326,0.19175874101104518,-1.071888087364207,-0.2538305908774817,-0.20146621151062594,-1.0586719882981792,0.001162631586502939,0.37694713354197196,-0.7752018928466535,-0.17170311018612583,-0.41532939034081484,-0.8368970232877897,-0.6624700748206338,0.5989671601131382,-0.32841059028364405,-0.25222653787722377,-0.3272066252150534,-1.3101477349999155,-1.5581221397588958,0.13413642505197898,-0.00019335800098474465,-0.14347031569571422,-0.13413642505197898,0.0001933580009849667,0.14347031569571422,0.11479525077122876,0.8654602772506066,-0.22157547356745572,-0.1465765239829998,0.8582349156765661,0.39476596637309713,0.11077151830994059,1.6417668394454892,0.26668643065116493,-0.14445803673306357,1.615669850034204,0.9783727845236729
1.7751171588897705,-0.08867747601722165,-1.3876802013680476,-0.7928701943933923,0.19388958377433696,-1.0806389920600932,-0.2983307352795396,-0.20300593727148664,-1.0681307225424774,0.021108334571246685,0.3786966855529429,-0.7749320054029742,-0.21972201716815076,-0.4296459619497338,-0.861161282764823,-0.5513419473481639,0.6008111279517342,-0.3299867131680536,-0.26313398288246076,-0.3503487343278884,-1.36644996504794,-1.3666447521595284,0.13573029104625844,0.0015170691264188019,-0.15387619229591343,-0.13573029104625844,-0.0015170691264188019,0.15387619229591343,0.1129831068030136,0.8679873111451462,-0.22207429451569305,-0.1489529789302818,0.8583264126550565,0.3740011531064555,0.1049508318742235,1.647352347064359,0.2653387555790809,-0.15273203695312831,1.616375268905436,0.9172017031186848
1.840604305267334,-0.08883462952317589,-1.420859789306527,-0.7322257119131073,0.19675025170164462,-1.0956046888307207,-0.26725313062008993,-0.2044829060765786,-1.0987718188364795,0.034106658273984757,0.3994398675443125,-0.6802349481572836,-0.21455554197992738,-0.43634696560283814,-0.8928393209405545,-0.49008966095497064,0.5931348399841756,-0.29723242196918687,-0.26707884026192064,-0.3813203666483306,-1.4084538153839525,-1.280162954682037,0.136362616077088,-0.005158991898993159,-0.1517117751337546,-0.13636261607708788,0.005158991898993159,0.1517117751337546,0.11251738636935316,0.8627722169003802,-0.22397766934960836,-0.15030986193077056,0.8527832656769514,0.3230986015180606,0.10358650745710207,1.639568785543578,0.24844278819612137,-0.15553269682127513,1.6033396249648233,0.7824686593124879
1.9064931869506836,-0.07744132918811564,-1.4318431101062319,-0.6791940702085488,0.20768670966274394,-1.1011080268651434,-0.2549955963871351,-0.19409017285238445,-1.1042665514786836,0.04762052501203607,0.4133833512497499,-0.6355207122798812,-0.22923230640397807,-0.40197618109854194,-0.8609552536180736,-0.40370086374779485,0.5985963780293452,-0.29567092765760883,-0.3233483974243102,-0.39741337374349217,-1.3967572244815991,-1.1753122337078747,0.14048777971864645,-0.005278242145339451,-0.14541013172060085,-0.14048777971864645,0.005278242145339451,0.14541013172060085,0.11318749177155707,0.8636450491365557,-0.2327416446889629,-0.14472875644070438,0.8537925255166914,0.2551522201768501,0.10261514688237694,1.6409350076180051,0.21717893949052283,-0.1550469076545965,1.6059109260891398,0.6388727923754698
2.1023731231689453,-0.07367824690618785,-1.4247066411105167,-0.6719131424262045,0.20647791715481623,-1.102053873683222,-0.22276406019057715,-0.19047259696535557,-1.0955202449734927,0.016292316936426316,0.39647755681803054,-0.6962731304739338,-0.19415542140526115,-0.36248618882048966,-0.8245206893988897,-0.4652519292350608,0.5946728701833721,-0.3184339766080875,-0.33087005244115586,-0.4048756364007781,-1.307714048735816,-1.3785725688900827,0.1409969943928755,0.00040726164406157395,-0.1321276337138408,-0.14099699439287539,-0.00040726164406157395,0.1321276337138408,0.11270614261507128,0.8625374206708574,-0.25599234778027496,-0.143141743140628,0.8588720707840691,0.21656870480266982,0.0999800022630064,1.6449539915268163,0.16154771246870592,-0.15470641159661325,1.6165651436747916,0.5771526967693904
2.175201177597046,-0.06881490618816477,-1.4333125783096698,-0.6701094489985274,0.20824193037358418,-1.1045691819767984,-0.21598215710769447,-0.189708385500162,-1.1046146221707631,0.004814258466290126,0.3885846521827786,-0.7380370665778487,-0.17546303731172297,-0.3416987618650946,-0.8003095436695595,-0.11980242547257733,0.6102113292790984,-0.38259146469337546,-0.36325985998479365,-0.4772466958769158,-0.9444634809941128,-0.6616005035625411,0.14127883983326106,-0.005965156160093965,-0.12380387724366161,-0.14127883983326106,0.005965156160093743,0.12380387724366161,0.10456552026700627,0.8499134567899191,-0.25079644711153015,-0.15635160668580134,0.8394445359208969,0.2097439066008241,0.0860179565822351,1.6392385465123072,0.19783934632285533,-0.17049761733868796,1.61020446046598,0.5678073992415086
2.2414581775665283,-0.06882250416609237,-1.4168619834618148,-0.6768340856013125,0.20881367554985475,-1.0863224447481166,-0.24820450444678605,-0.19324559117668838,-1.0827959922055548,0.00015728788377784592,0.3878758464802585,-0.7353135772224174,-0.22345464666473475,-0.34146058403833524,-0.7586568374873549,-0.08510817097371416,0.636739439415039,-0.40150162322323624,-0.45113125542031857,-0.535125533390363,-0.722925897234681,-0.6414193799549942,0.14166763096122792,0.003937155881604593,-0.1209870319701289,-0.14166763096122803,-0.003937155881604593,0.1209870319701289,0.10049641894512029,0.8616154824703015,-0.2112686174266986,-0.1669729155853924,0.8492290806571163,0.20883470879735594,0.08062450498244234,1.652324966677738,0.30779380894440056,-0.17951689013425148,1.6272234687185576,0.5825830156141049
2.306913137435913,-0.0687553588880403,-1.4156239101583314,-0.6468096962641647,0.20733847352156243,-1.0827353549286656,-0.2682597135490582,-0.19482584057376373,-1.0825744329730729,0.03680836058378992,0.38979268330531447,-0.7394246986578269,-0.2444972738217815,-0.33961833653205165,-0.7504211099720539,0.027965067796923336,0.6406028356739286,-0.41161224739949365,-0.4525203306445564,-0.5510782742096265,-0.6641913516497624,-0.4326158236644509,0.13835381734001184,0.005417108885081845,-0.12971892073301694,-0.13835381734001184,-0.005417108885082067,0.12971892073301694,0.09483875937148989,0.8639133824908365,-0.21512158909056395,-0.1730861287337755,0.8516481928745714,0.24636686337686398,0.07821029388865264,1.6596119253193193,0.31224328645760874,-0.18159729579521672,1.6357166794529072,0.6125727243039418
2.373505115509033,-0.07607609050803599,-1.4309605536577918,-0.6471311863689014,0.20142436874822456,-1.0876673679465028,-0.29396900316025437,-0.20820172332972525,-1.0837753438488664,0.030696439829352606,0.37498828275282037,-0.7416410657195394,-0.28220253167913373,-0.3561029181375246,-0.7508805168380951,-0.05001053403893406,0.6285396491125583,-0.3986186047283824,-0.4716014643100534,-0.610654960178441,-0.6582690780630115,-0.5822228400382138,0.14191604561657734,0.004660904547227451,-0.1332439208608795,-0.14191604561657722,-0.004660904547227229,0.1332439208608795,0.10682857873791485,0.8623967390856597,-0.21629826108063782,-0.17604373379636662,0.8564476773230161,0.28060386376657814,0.10080940709098352,1.6613995372595332,0.3309940889227194,-0.17306568757467844,1.6406707178588915,0.6440087356890603
2.4418623447418213,-0.08857285983297525,-1.4590405087756246,-0.6632245095145062,0.19988938908940823,-1.1105951993033876,-0.30021914603291205,-0.21675211271941763,-1.0915127286726645,-0.012107243652390201,0.3687232355407033,-0.7827200854789474,-0.28662850897854975,-0.38807778837260176,-0.7736615329071133,-0.2301235191666257,0.6106500496322058,-0.4137617691313433,-0.45996409225812096,-0.6150854962977197,-0.6834621550746921,-0.8948454686392442,0.14421007993638912,-0.012120246831316628,-0.13159681507277204,-0.14421007993638923,0.012120246831316628,0.13159681507277204,0.1174628887285949,0.8431072800001085,-0.2169807126301349,-0.1765639840924298,0.8423598688875804,0.2441766576849569,0.12374976152413741,1.6442201351857955,0.3279501411218565,-0.16228428298542258,1.6288863424871842,0.5314093047867363
2.6236343383789062,-0.09559558036698212,-1.4543045405978812,-0.8552722672252399,0.20978101985123265,-1.1163684737032888,-0.32191463763307826,-0.21327745350718535,-1.0873806671068833,-0.14869412551929423,0.3986738948079409,-0.7435404525189108,-0.3153548233363883,-0.4475087316114766,-0.7965402161711157,-0.7054959428367285,0.5600844987175522,-0.3784103053393051,-0.4660481093062978,-0.39652300428996184,-0.8265016008261111,-1.5924163884277778,0.15227072025466137,-0.00817854402213869,-0.13415952930183297,-0.15227072025466126,0.008178544022138468,0.13415952930183297,0.12995036855181707,0.8488336550649236,-0.13344388386320358,-0.16746560571048874,0.8459410302652981,0.4300119749459882,0.1390934283504235,1.6435050811662983,0.4862682889063804,-0.1492511801493539,1.623835206207215,1.0361718923644283
2.674852132797241,-0.11369212449698973,-1.4498094655845504,-0.9505393580448048,0.21181591410027556,-1.1443003003337477,-0.32484397075490673,-0.21393112016725557,-1.1075546580857343,-0.19292291311665324,0.44401331953416134,-0.7249264306222798,-0.3338734206618411,-0.48255596225575853,-0.9983635606620191,-0.890960349323641,0.5469846484240555,-0.4091661078763835,-0.4631676208072512,-0.26344794552187006,-0.9933225245810853,-1.7893264641903097,0.1566948447033889,-0.0006696033388358114,-0.14217301670444443,-0.15669484470338885,0.0006696033388358114,0.14217301670444443,0.1448407000892984,0.8578410286687308,-0.055189049480825814,-0.15221950446547755,0.8541579815870153,0.576991046339403,0.15579410473383848,1.6425827680545935,0.6055858341916263,-0.13076137095977358,1.6226384402023075,1.333229825528306
2.741227149963379,-0.12966881585561962,-1.4392949625958575,-0.965606685016609,0.21070432288879803,-1.1516920997515714,-0.32152134540445215,-0.211744507841301,-1.1169128234508157,-0.19265707009332955,0.4929018943000232,-0.8299479200997113,-0.3503595157290118,-0.5090487536395241,-1.10793640860929,-0.8374595025906129,0.5544918798278438,-0.7413715999536843,-0.37354993596051567,-0.2097109576887285,-1.0762577665463011,-1.6846636479315065,0.16124529256046327,0.0059914331471928595,-0.14935767884545498,-0.16124529256046316,-0.005991433147192637,0.14935767884545498,0.1569012453791947,0.8605539138707519,0.008663818741452629,-0.1430308283765383,0.8550513733675333,0.6595375115156692,0.16512556902518827,1.6399713730223135,0.685134128553226,-0.11967087423916456,1.6198282861990259,1.4538324969537426
2.807108163833618,-0.14154164152321708,-1.4671074593110711,-1.0357204315201667,0.20902213304612893,-1.1801903336769501,-0.3533467143287921,-0.21500339734237672,-1.1453061805296947,-0.1959711573453648,0.5223163198824086,-0.8970618492189313,-0.4428700169453866,-0.5206321586809416,-1.175864516294058,-0.6501894361666505,0.5570906350163884,-0.8857677333042278,-0.4871300584052977,-0.20718131148125313,-1.131553453708288,-1.0844024174498281,0.15998588448214734,-0.010608742998599707,-0.1719960087954719,-0.15998588448214734,0.010608742998599707,0.1719960087954719,0.15249549947728513,0.8322069738544224,0.05212849696660516,-0.15182006603079112,0.8229133387108745,0.7511703664851397,0.15449801894804227,1.6070745815995198,0.7872068572332678,-0.13538645162628415,1.5837642321698875,1.6388152901342459
2.8742520809173584,-0.15171876711439092,-1.4761634913700354,-1.0024462108666192,0.20997591852892983,-1.1987704014589848,-0.427038962225543,-0.2151915744053574,-1.1539017421455784,-0.18448707608111314,0.5384117387292924,-0.9205617048670158,-0.5137184514812567,-0.5264753355440244,-1.2103765005254965,-0.6217732962724234,0.6064935038148669,-0.849023308455358,-0.5543011029948781,-0.20776866647921244,-1.1406348516561973,-0.9057537487382397,0.1616836337067612,-0.013453022784614355,-0.18803197302101926,-0.16168363370676125,0.013453022784614577,0.18803197302101926,0.1520292355718207,0.8344242967858793,0.054269170543291084,-0.1541307608111584,0.8194969256599784,0.7508742062168204,0.15299818540724264,1.6109300824071116,0.8016307677145885,-0.1400176255084925,1.5821358231589402,1.6296670313283186
2.941352367401123,-0.1492350763590773,-1.478278592134219,-1.0629405345461562,0.20860681748290677,-1.2050341477318791,-0.433365259401173,-0.21213167369791874,-1.1574057166755838,-0.19432089387467547,0.5471678087138393,-0.9352802887888476,-0.49637521919456873,-0.537496168568005,-1.2009587464485258,-0.722650734057294,0.6354577485584937,-0.8161229237315696,-0.5551307340617971,-0.21198462356457015,-1.1352324791756627,-1.2568953284118454,0.16496262541683226,-0.011831027724990895,-0.19449481728744059,-0.16496262541683232,0.011831027724990673,0.19449481728744059,0.15370590862043654,0.8422317901331136,0.03463495230902749,-0.15528484145100452,0.8230642302783346,0.7475916742450747,0.15427262435401334,1.6257240045891264,0.7923983881996507,-0.14448026888282517,1.590799986040004,1.6490470181149
3.007465362548828,-0.15146273638851,-1.495308920703213,-1.1187883885082321,0.20838325943907043,-1.2211307390659725,-0.42886390689300324,-0.21851985836199522,-1.164786844451453,-0.23938838952418584,0.5411252561816875,-0.9434300404918881,-0.47810023324429096,-0.5347136379894692,-1.1826614927352943,-0.7309564863523907,0.6449948467359432,-0.7893038171290415,-0.5495290260575612,-0.22176314158967692,-1.1424664500557327,-1.3230188513197056,0.1657372080932924,-0.007568221274475206,-0.19683537776498614,-0.16573720809329234,0.007568221274474984,0.19683537776498614,0.15417580555442156,0.8608947554857709,0.058716787720638576,-0.15543304864285595,0.8478801935494746,0.7079159333970845,0.15682567099748002,1.6533160038322632,0.832230585321841,-0.14379281231844981,1.6262233132979902,1.6001019198791884
3.0732600688934326,-0.15064046786644675,-1.5192197769728821,-1.1091706815909035,0.20718478749736136,-1.2426833551776282,-0.4918608239423705,-0.22137116763659948,-1.1786312456922634,-0.23659213856314193,0.5333678765539052,-0.954588975196389,-0.5403986142942869,-0.5270149398492605,-1.1774044947267166,-0.42603795935237676,0.6431684193033174,-0.7904574305915457,-0.7108870978578885,-0.3207051605531833,-1.1581119753202973,-0.7451143825808189,0.16595487152142807,-0.003277771068994184,-0.1979454448629563,-0.16595487152142796,0.003277771068994184,0.1979454448629563,0.15197422902013136,0.8782325808060634,0.04429259253538373,-0.15720405472802396,0.8719749009442648,0.6890027692781567,0.15428229645895142,1.6796901395929025,0.8102207655728091,-0.14858574739728192,1.656276721750165,1.5829034738380392
3.1418800354003906,-0.15772777897683232,-1.5494373077093573,-1.0779039080361799,0.20600174800771065,-1.267354794011588,-0.5186912992052821,-0.2271846895363674,-1.2031824706394239,-0.22649032563151744,0.5263621138907958,-0.9670792562505834,-0.5692586279658303,-0.5418164114613069,-1.2345037705278634,-0.2239460585893165,0.6394139437682705,-0.7983086121520848,-0.7542560700744374,-0.3463810891131267,-1.1999089541944339,-0.2708701857332,0.16683520914953343,-0.0015883773141638358,-0.1958019401951291,-0.16683520914953343,0.0015883773141636137,0.1958019401951291,0.15027929763088732,0.8893540670018378,0.03991561572947789,-0.1590622128784151,0.8816682519846086,0.6747690358108951,0.15298351139230404,1.6898847051863735,0.8197808543849083,-0.15151785143865676,1.669024606146202,1.5330697742159638
3.207122325897217,-0.16424323957191894,-1.5724966022944058,-1.0700766519872458,0.20477045947797123,-1.285918787187765,-0.6634264728805458,-0.23109945912944269,-1.2151388215382404,-0.22262279069495927,0.5367407829514141,-1.0373446719940995,-0.7373802324830622,-0.5509839750511938,-1.2741919019451236,0.046027242605647584,0.6749504112723381,-0.8728652601417484,-0.968195489214658,-0.566208865651278,-1.2347435284818202,0.20530208971486053,0.16752039409415476,-0.0038633000681216334,-0.21833043262655172,-0.16752039409415487,0.0038633000681214114,0.21833043262655172,0.1501385447187824,0.8896675892488553,0.019969913750683008,-0.15861474520919694,0.8888371635410359,0.6444469270446568,0.16329417622249465,1.6887241056921032,0.8310390077037848,-0.14369911483388564,1.680626400151962,1.4537814764998545
3.2733843326568604,-0.16641381518454146,-1.5767289347877345,-0.9456791013943399,0.20505596349432875,-1.2926690221096795,-0.6037433978470578,-0.2274670492004831,-1.2204118842824103,-0.1423097630384474,0.5243768525501489,-1.0430668742297686,-0.8989198490261686,-0.5486696565025446,-1.2778919819446601,-0.05553041270782105,0.5744767448712553,-0.9246719481538368,-1.3312047148413657,-0.44579626179090664,-1.2468508632646,0.055300911620797984,0.16769325938517476,-0.0044568400315210255,-0.22563824242470515,-0.1676932593851747,0.0044568400315210255,0.22563824242470515,0.14953703986818012,0.8941381767517882,-0.0754395084024291,-0.1579959831514277,0.890248610533602,0.4728972624674904,0.16376491584841868,1.703179242267686,0.5865884169738785,-0.14117336484377152,1.6900999577200868,1.0769104623326538
3.341313123703003,-0.16588524038160163,-1.5881313213678299,-0.9872074020094571,0.21100137690621534,-1.3057651436434476,-0.5627539728702075,-0.22573990982339698,-1.2327614972966434,-0.15991870184909934,0.5143724017294407,-1.0500873506402413,-0.9451469891977172,-0.5448327979991197,-1.2861470414579788,-0.3222350353853287,0.5409015163345798,-0.9225937009648733,-1.455535722759056,-0.4603247267260215,-1.2575109899706045,-0.5847154059586754,0.16748715721247442,-9.009072453380895e-06,-0.22525945081757645,-0.16748715721247442,9.009072453380895e-06,0.22525945081757645,0.15032692475006748,0.8868597227385266,-0.06882730698350353,-0.1534710702053037,0.8822104151874095,0.4528157953792996,0.1666394440272032,1.703784454685242,0.5710829394976813,-0.13807737911774542,1.6927548778596107,1.0746932611278248
3.4088633060455322,-0.169317189075805,-1.58683025455364,-0.9095917092635988,0.21201350216038195,-1.306068846229962,-0.4974130829024699,-0.2223819637758172,-1.2325233916432667,-0.11832797177700852,0.4923847201646232,-1.0137663674487847,-0.9394921258573476,-0.5426499300817393,-1.2724250488829965,-0.5519653061968637,0.4914888310259051,-0.9078680229503415,-1.4338531217919541,-0.4077656208377703,-1.1529845357206028,-1.2445638964008423,0.16705344531010735,0.0036080086909648923,-0.22057500988025325,-0.16705344531010724,-0.0036080086909648923,0.22057500988025325,0.1496490576779277,0.8862385542412847,-0.15185643365289087,-0.15081069277728898,0.8805825398695195,0.4182657547543123,0.1666319625750614,1.7116949037002682,0.41946143400353264,-0.13672326538973578,1.6960707240320276,0.9552932346030693
3.4735050201416016,-0.1726511997851759,-1.5304622307057714,-0.9005495462566517,0.21544374097969987,-1.2456651543157307,-0.43219124187423336,-0.22634689487865123,-1.1983225564158364,-0.10391566911565722,0.475477360017334,-0.9064256029182345,-0.6126990589692094,-0.5436534262148438,-1.1797366354208132,-0.5658864791171772,0.4749345399071957,-0.6849499921925266,-0.8558979415673715,-0.4076112812321037,-0.9826357746230189,-1.3084523648790969,0.16357812548904083,0.019003947761969453,-0.19780437105806215,-0.16357812548904083,-0.019003947761969453,0.19780437105806215,0.12245568489692327,0.8328972971924247,-0.3233774483414702,-0.17024795276723437,0.7961748713784107,0.11425883711376489,0.13174770006241132,1.7079404860849048,0.13861650274865658,-0.16841138316795645,1.6818564865198542,0.38186442048384234
3.5405662059783936,-0.16846995881688714,-1.5101909291599407,-0.9064891593158206,0.2231877905908698,-1.221903737965306,-0.4162406833346428,-0.22748823753138603,-1.1856286136307879,-0.10361794833035254,0.4676400571375031,-0.8078985840818751,-0.55232963008459,-0.5329029729544281,-1.1020224059955654,-0.49604766378708764,0.473470416352359,-0.5599643461278041,-0.7878557432205956,-0.43879597507161494,-0.7925589356464793,-1.2494572821566443,0.16167472110282766,0.022621949588186308,-0.18821906677449363,-0.1616747211028276,-0.022621949588186308,0.18821906677449363,0.1094081336484819,0.8256479706958175,-0.3576989975655958,-0.1784145039828703,0.7861587951394986,0.13014264411131024,0.11272893837571829,1.71856280446509,0.1097625227637006,-0.18033828502339289,1.686328638919465,0.3871769560020506
3.6084342002868652,-0.15261746379332597,-1.5071921865882165,-0.9810942647457107,0.23803278854622345,-1.2049833820593676,-0.4143360475252367,-0.22514538880642349,-1.1843217932382648,-0.10465976478135977,0.4606412708484704,-0.7183897984322496,-0.470331634751064,-0.5241684430074358,-1.0495774612957787,-0.3205063847101056,0.45932203399547245,-0.383179921800731,-0.707587076267063,-0.45290718027847054,-0.6644933809297344,-1.0029752079967251,0.16104494852261297,0.02525347076850193,-0.18441040816531426,-0.16104494852261303,-0.02525347076850193,0.18441040816531426,0.10309411025947202,0.8363630615311954,-0.3459756709967011,-0.18857028891690913,0.7819246987427502,0.1370852247134824,0.10238506194544117,1.7432993025797978,0.1902680633213883,-0.19112023379581045,1.7099945264372314,0.4180822875158524
3.674389123916626,-0.14376163555223487,-1.5089971838689522,-1.016046938800811,0.24600190838628577,-1.1986237401299604,-0.39215135850708865,-0.2244682894804323,-1.185457439152377,-0.12758559835543787,0.45767711340282646,-0.6859944419978694,-0.4181773168528487,-0.5204779759340153,-1.000627583906434,-0.30720365275527334,0.4623724306321474,-0.33282708680424644,-0.6629409841857192,-0.4829726792331419,-0.6120280857665166,-0.9353669573594567,0.16078510909253974,0.027735768171139874,-0.18581422270387749,-0.1607851090925398,-0.027735768171139874,0.18581422270387749,0.09168875291707457,0.803093486731771,-0.411571253849425,-0.22080245836595036,0.776050283111144,0.0415483620864542,0.09895312009887813,1.7450653422362952,0.13621224364625475,-0.19125213788420709,1.7161304003919398,0.3170191965920343
